,"Temp:1e4.5 K , hden: -2.5"
H Density Log /cm^3,0.0031623000000000003
e Density Log /cm^3,0.0034705181818181817
OVI Probability,2.0848484848484846e-09
OVI 1031+1037 Emis,3.2513636363636366e-38
